<!DOCTYPE html><html><head><meta name="google" content="notranslate"><meta name="viewport" content="target-densitydpi=device-dpi,user-scalable=1,minimum-scale=1,maximum-scale=2.5,initial-scale=1,width=device-width"><meta http-equiv="X-UA-Compatible" content="IE=edge;"><meta name="referrer" content="strict-origin-when-cross-origin"><title>data - Google Drive</title><link rel="shortcut icon" href="//ssl.gstatic.com/docs/spreadsheets/spreadsheets_2023q4.ico"><link href='/static/spreadsheets2/client/css/4150633097-waffle_k_ltr.css' type='text/css' rel='stylesheet' nonce="nARN3ZcOriFSlELonkVytQ"><style type="text/css" nonce="nARN3ZcOriFSlELonkVytQ">
        html { overflow: visible; }
        #sheets-viewport { overflow: auto; }
        #sheets-viewport.widget-viewport { overflow: hidden; }
        .grid-container { overflow: visible; background: white;}
        .grid-table-container { overflow: visible; }
        #top-bar {
          margin: 0;
          overflow: hidden;
        }
        #top-bar {
          border-bottom: 1px solid #ccc;
          padding: 6px 6px 0;
        }
        #doc-title { padding-bottom: 5px; }
        #doc-title .name { font-size: 15px; }
        #sheet-menu {
          font-size: 13px;
          margin: 6px 0 0;
          padding: 0 0 5px;
        }
        #sheet-menu li {
          display: inline;
          list-style-type: none;
          margin: 0;
          padding: 5px 8px;
        }
        #sheet-menu li.active {
          background-color: #fff;
          font-weight: bold;
          border: 1px solid #999;
        }
        #top-bar #sheet-menu li.active {
          border-bottom: 0;
        }
        #sheet-menu a, #sheet-menu a:visited { color: #07c; }
        #footer {
          background: #f0f0f0;
          border-top: 1px #ccc solid;
          border-bottom: 1px #ccc solid;
          font-size: 13;
          padding: 10px 10px;
        }
        .dash {
          padding: 0 6px;
        }
        .ritz .waffle a { color: inherit; }.ritz .waffle .s5{border-left: none;background-color:#ffffff;}.ritz .waffle .s6{border-right: none;background-color:#ffffff;text-align:left;text-decoration:underline;-webkit-text-decoration-skip:none;text-decoration-skip-ink:none;color:#1155cc;font-family:'Arial';font-size:10pt;vertical-align:bottom;white-space:nowrap;direction:ltr;padding:2px 3px 2px 3px;}.ritz .waffle .s1{background-color:#ffffff;text-align:right;color:#000000;font-family:'Arial';font-size:10pt;vertical-align:bottom;white-space:nowrap;direction:ltr;padding:2px 3px 2px 3px;}.ritz .waffle .s4{border-left: none;border-right: none;background-color:#ffffff;text-align:left;color:#000000;font-family:'Arial';font-size:10pt;vertical-align:bottom;white-space:nowrap;direction:ltr;padding:2px 3px 2px 3px;}.ritz .waffle .s3{border-left: none;background-color:#ffffff;text-align:left;color:#000000;font-family:'Arial';font-size:10pt;vertical-align:bottom;white-space:nowrap;direction:ltr;padding:2px 3px 2px 3px;}.ritz .waffle .s0{background-color:#ffffff;text-align:left;color:#000000;font-family:'Arial';font-size:10pt;vertical-align:bottom;white-space:nowrap;direction:ltr;padding:2px 3px 2px 3px;}.ritz .waffle .s2{border-right: none;background-color:#ffffff;text-align:left;color:#000000;font-family:'Arial';font-size:10pt;vertical-align:bottom;white-space:nowrap;direction:ltr;padding:2px 3px 2px 3px;}</style><script type="text/javascript" nonce="nARN3ZcOriFSlELonkVytQ">
        var activeSheetId;

        function switchToSheet(id) {
          if (document.getElementById('sheet-menu')) {
            document.getElementById('sheet-button-' + activeSheetId)
                .className = '';
            document.getElementById('sheet-button-' + id).className = 'active';
          }

          document.getElementById(activeSheetId).style.display = 'none';
          document.getElementById(id).style.display = '';
          activeSheetId = id;

          // posObjs() is defined in embeddedObjectJs (see EmbeddedObjectHtmlBuilder.java)
          posObjs();
          return false;
        }
        
        function init() {
        var optPageSwitcher;
        
        function resize() {
          var optMobileWebHeader = document.getElementById('docs-ml-header-id');
          var optTopBar = document.getElementById('top-bar');
          var optFooter = document.getElementById('footer');
          var sheetsViewport = document.getElementById('sheets-viewport');

          if (optMobileWebHeader) {
            sheetsViewport.style.marginTop = optMobileWebHeader.offsetHeight +
                (optTopBar ? optTopBar.offsetHeight : 0) + 'px';
          }
          var adjustedHeight = window.innerHeight -
              (optTopBar ? optTopBar.offsetHeight : 0) -
              (optFooter ? optFooter.offsetHeight : 0);
          var adjustedWidth = window.innerWidth;
          sheetsViewport.style.width = (adjustedWidth + 'px');
          sheetsViewport.style.height = (adjustedHeight + 'px');
          if (optPageSwitcher) {
            optPageSwitcher.resize(adjustedWidth, adjustedHeight);
          }
        }
        resize();
        window.onresize = resize;
        var currentUrl = window.location.href;
        var newUrl = currentUrl.replace('?sle=true&', '?');
        newUrl = newUrl.replace('?sle=true', '');
        newUrl = newUrl.replace('&sle=true&', '&');
        newUrl = newUrl.replace('&sle=true', '');
        window.history.replaceState(null, '', newUrl);
        }
        </script><script nonce="nARN3ZcOriFSlELonkVytQ">_docs_flag_initialData={"docs-daflia":true,"docs-cclt":57,"docs-mwid":false,"docs-smheo":false,"info_params":{"includes_info_params":true},"docs-ecci":true,"ilcm":{"eui":"ADFN-cs4FODG9NtowhHKIapI2kbAhAO_V_SKtAi5p46YnLOaMN9ZyOcUm_SPebZ2KbP_kuuZmN0i","je":1,"sstu":1703193592493000,"si":"CMvnwci6oYMDFREjswUddO8D4w","gsc":0,"ei":[5700019,5700422,5700559,5702135,5702936,5703182,5703259,5703839,5703938,5704621,5704883,5705299,5705777,5705891,5706007,5706069,5706169,5706270,5707047,5707204,5707711,5707820,5707941,5708572,5708886,5709085,5709357,5709476,5709661,5709673,5710692,5711471,5711550,5712146,5712635,5712909,5712913,5713195,5713554,5714310,5714326,5714465,5714674,5714839,5714843,5715364,5715824,5716149,5716457,5717157,5717949,5719462,5719482,5719527,5720568,5720788,5721814,5722567,5723284,5723679,5724215,5724435,5724533,5724896,5725934,5726695,5726752,5727257,5727901,5728201,5729092,5729206,5730225,5730285,5731835,5732341,5734392,5734632,5735134,5735252,5735670,5735806,5737153,5737254,5737800,5738081,5738215,5738569,5739837,5740186,5740341,5740731,5740814,5742055,5742612,5743450,5743787,5744348,5744595,5746312,5746724,5746992,5747216,5747351,5747881,5749715,5749835,5750110,5750254,5750313,5750371,5750750,5750980,5752714,5752734,5752835,5753681,5754269,5754919,5756417,5756457,5756655,5757382,5758497,5758616,5758674,5759278,5760167,5760307,5760450,5760470,5760760,5762381,5763557,5763577,5764007,5764466,5765491,5765687,5768017,5768325,5769791,5769871,5769915,5770170,5771370,5773794,5773814,5774995,5775612,5775693,5776215,5777043,5777794,5778216,5778646,5778980,5779077,5779540,5779600,5780332,5780532,5781247,5781480,5781789,5781866,5782030,5782181,5782224,5782635,5782880,5782944,5782984,5783713,5783897,5784602,5786403,5786678,5786862,5787207,5789815,5790015,5790119,5790897,5791357,5792141,5792161,5792836,5792968,5793391,5793785,5793845,5794164,5794385,5794509,5794913,5795929,5796051,5796513,5796864,5797331,5797412,5797699,5797719,5798732,5799994,13702623,48966202,49372328,49375222,49375901,49376219,49378789,49381162,49398749,49451639,49452965,49471971,49491685,49499289,49501724,49512213,49517716,49612481,49613688,49622771,49624180,49642865,49643596,49644123,49658602,49756726,49769325,49783962,49816045,49822909,49824143,49833550,49839739,49842983,49878668,49904347,49924754,49926201,49927387,49943127,49971941,49979606,50082768,50108979,50127500,50166919,50168395,50179510,50221888,50266150,50273416,50293536,50335675,50335857,50337778,50360128,50360924,50387063,50389258,50390045,50423050,50439168,50492390,50515215,50520301,50529291,50533204,50548862,50549583,50549979,50562904,50580212,50602289,50606435,70979490,70983283,71035368,71035445,71036581,71038323,71057317,71061494,71079072,71085309,71102032,71117264,71119826,71123552,71145457,71152219,71156645,71178780,71185118,71197954,71230113,71239114,71241033,71260410,71273657,71274245,71285869,71289134,71296556,71301238,71330481,71347020,71357861,71382606,71386873,71394887,71396913,71400634,71401213,71407433,71416980,71444253,71472042,71480224,71484155,71505363,71520190,71528105,71530131,71531265,71537606,71548249,71557997,71574683,71582804,71583158,71594882,71603220,71608368,71611375,71614140,71625728,71626804,71626835,71626898,71626959,71627039,71627059,71631283,71641721,71659901,71668061,71668390,71668427,71671686,71724639,71731319,71745566],"crc":0,"cvi":[]},"drive_url":"//drive.google.com?usp\u003dsheets_web","docs-liap":"/naLogImpressions","docs-sup":"/spreadsheets"}; _docs_flag_cek=''; if (window['DOCS_timing']) {DOCS_timing['ifdld']=new Date().getTime();}</script></head><script nonce="nARN3ZcOriFSlELonkVytQ">document.addEventListener('DOMContentLoaded', init);</script><body class="docs-gm"><div id="top-bar"><div id="doc-title"><span class="name">data</span></div><ul id="sheet-menu"><li id="sheet-button-0"><a href="#">comics</a></li><script nonce="nARN3ZcOriFSlELonkVytQ">document.addEventListener('DOMContentLoaded', function() {document.getElementById('sheet-button-0').addEventListener('click', function () {return switchToSheet('0');});});</script><li id="sheet-button-22034136"><a href="#">videos</a></li><script nonce="nARN3ZcOriFSlELonkVytQ">document.addEventListener('DOMContentLoaded', function() {document.getElementById('sheet-button-22034136').addEventListener('click', function () {return switchToSheet('22034136');});});</script><li id="sheet-button-679760248"><a href="#">drawings</a></li><script nonce="nARN3ZcOriFSlELonkVytQ">document.addEventListener('DOMContentLoaded', function() {document.getElementById('sheet-button-679760248').addEventListener('click', function () {return switchToSheet('679760248');});});</script><li id="sheet-button-346716922"><a href="#">commissioned</a></li><script nonce="nARN3ZcOriFSlELonkVytQ">document.addEventListener('DOMContentLoaded', function() {document.getElementById('sheet-button-346716922').addEventListener('click', function () {return switchToSheet('346716922');});});</script><li id="sheet-button-243161740"><a href="#">original</a></li><script nonce="nARN3ZcOriFSlELonkVytQ">document.addEventListener('DOMContentLoaded', function() {document.getElementById('sheet-button-243161740').addEventListener('click', function () {return switchToSheet('243161740');});});</script><li id="sheet-button-1760801878"><a href="#">about</a></li><script nonce="nARN3ZcOriFSlELonkVytQ">document.addEventListener('DOMContentLoaded', function() {document.getElementById('sheet-button-1760801878').addEventListener('click', function () {return switchToSheet('1760801878');});});</script></ul></div><div id="sheets-viewport"><div id="0" style="display:none;position:relative;" dir="ltr"><div class="ritz grid-container" dir="ltr"><table class="waffle" cellspacing="0" cellpadding="0"><thead><tr><th class="row-header freezebar-vertical-handle header-shim row-header-shim"></th><th id="0C0" style="width:38px;" class="header-shim"></th><th id="0C1" style="width:149px;" class="header-shim"></th><th id="0C2" style="width:169px;" class="header-shim"></th><th id="0C3" style="width:79px;" class="header-shim"></th><th id="0C4" style="width:100px;" class="header-shim"></th></tr></thead><tbody><tr style="height: 20px"><th id="0R0" style="height: 20px;" class="row-headers-background row-header-shim"><div class="row-header-wrapper" style="line-height: 20px">1</div></th><td class="s0" dir="ltr">index</td><td class="s0" dir="ltr">title</td><td class="s0" dir="ltr">filename</td><td class="s0" dir="ltr">single_panel</td><td class="s0" dir="ltr">url</td></tr><tr><th style="height:3px;" class="freezebar-cell freezebar-horizontal-handle row-header-shim"></th><td class="freezebar-cell"></td><td class="freezebar-cell"></td><td class="freezebar-cell"></td><td class="freezebar-cell"></td><td class="freezebar-cell"></td></tr><tr style="height: 20px"><th id="0R1" style="height: 20px;" class="row-headers-background row-header-shim"><div class="row-header-wrapper" style="line-height: 20px">2</div></th><td class="s1" dir="ltr">1</td><td class="s0" dir="ltr">Friends</td><td class="s0" dir="ltr">friends.png</td><td></td><td class="s0">friends</td></tr><tr style="height: 20px"><th id="0R2" style="height: 20px;" class="row-headers-background row-header-shim"><div class="row-header-wrapper" style="line-height: 20px">3</div></th><td class="s1" dir="ltr">2</td><td class="s0" dir="ltr">Hourglass</td><td class="s0" dir="ltr">hourglass.jpg</td><td></td><td class="s0">hourglass</td></tr><tr style="height: 20px"><th id="0R3" style="height: 20px;" class="row-headers-background row-header-shim"><div class="row-header-wrapper" style="line-height: 20px">4</div></th><td class="s1" dir="ltr">3</td><td class="s0" dir="ltr">Graffiti</td><td class="s0" dir="ltr">graffiti.jpg</td><td></td><td class="s0" dir="ltr">graffiti2</td></tr><tr style="height: 20px"><th id="0R4" style="height: 20px;" class="row-headers-background row-header-shim"><div class="row-header-wrapper" style="line-height: 20px">5</div></th><td class="s1" dir="ltr">4</td><td class="s0" dir="ltr">Jerk</td><td class="s0" dir="ltr">jerk.jpg</td><td></td><td class="s0">jerk</td></tr><tr style="height: 20px"><th id="0R5" style="height: 20px;" class="row-headers-background row-header-shim"><div class="row-header-wrapper" style="line-height: 20px">6</div></th><td class="s1" dir="ltr">5</td><td class="s0" dir="ltr">Farmers</td><td class="s0" dir="ltr">farmers.jpg</td><td class="s0" dir="ltr">yes</td><td class="s0">farmers</td></tr><tr style="height: 20px"><th id="0R6" style="height: 20px;" class="row-headers-background row-header-shim"><div class="row-header-wrapper" style="line-height: 20px">7</div></th><td class="s1" dir="ltr">6</td><td class="s0" dir="ltr">Comic Strip</td><td class="s0" dir="ltr">comic_strip.jpg</td><td></td><td class="s0" dir="ltr">comic_strip</td></tr><tr style="height: 20px"><th id="0R7" style="height: 20px;" class="row-headers-background row-header-shim"><div class="row-header-wrapper" style="line-height: 20px">8</div></th><td class="s1" dir="ltr">7</td><td class="s0" dir="ltr">Roommates</td><td class="s0" dir="ltr">roommates.jpg</td><td></td><td class="s0">roommates</td></tr><tr style="height: 20px"><th id="0R8" style="height: 20px;" class="row-headers-background row-header-shim"><div class="row-header-wrapper" style="line-height: 20px">9</div></th><td class="s1" dir="ltr">8</td><td class="s0" dir="ltr">Doctor</td><td class="s0" dir="ltr">doctor.jpg</td><td></td><td class="s0">doctor</td></tr><tr style="height: 20px"><th id="0R9" style="height: 20px;" class="row-headers-background row-header-shim"><div class="row-header-wrapper" style="line-height: 20px">10</div></th><td class="s1" dir="ltr">9</td><td class="s0" dir="ltr">Racist</td><td class="s0" dir="ltr">racist.jpg</td><td></td><td class="s0">racist</td></tr><tr style="height: 20px"><th id="0R10" style="height: 20px;" class="row-headers-background row-header-shim"><div class="row-header-wrapper" style="line-height: 20px">11</div></th><td class="s1" dir="ltr">10</td><td class="s0" dir="ltr">New York</td><td class="s0" dir="ltr">new_york.jpg</td><td class="s0" dir="ltr">yes</td><td class="s0" dir="ltr">new_york</td></tr><tr style="height: 20px"><th id="0R11" style="height: 20px;" class="row-headers-background row-header-shim"><div class="row-header-wrapper" style="line-height: 20px">12</div></th><td class="s1" dir="ltr">11</td><td class="s0" dir="ltr">Cat</td><td class="s0" dir="ltr">cat.jpg</td><td></td><td class="s0">cat</td></tr><tr style="height: 20px"><th id="0R12" style="height: 20px;" class="row-headers-background row-header-shim"><div class="row-header-wrapper" style="line-height: 20px">13</div></th><td class="s1" dir="ltr">12</td><td class="s0" dir="ltr">Optimism</td><td class="s0" dir="ltr">optimism.jpg</td><td></td><td class="s0">optimism</td></tr><tr style="height: 20px"><th id="0R13" style="height: 20px;" class="row-headers-background row-header-shim"><div class="row-header-wrapper" style="line-height: 20px">14</div></th><td class="s1" dir="ltr">13</td><td class="s0" dir="ltr">Time Machine</td><td class="s0" dir="ltr">time_machine.jpg</td><td></td><td class="s0" dir="ltr">time_machine</td></tr><tr style="height: 20px"><th id="0R14" style="height: 20px;" class="row-headers-background row-header-shim"><div class="row-header-wrapper" style="line-height: 20px">15</div></th><td class="s1" dir="ltr">14</td><td class="s0" dir="ltr">Work Life</td><td class="s0" dir="ltr">work_life.jpg</td><td></td><td class="s0" dir="ltr">work_life</td></tr><tr style="height: 20px"><th id="0R15" style="height: 20px;" class="row-headers-background row-header-shim"><div class="row-header-wrapper" style="line-height: 20px">16</div></th><td class="s1" dir="ltr">15</td><td class="s0" dir="ltr">Artist Pranks</td><td class="s0" dir="ltr">artist_pranks.jpg</td><td class="s0" dir="ltr">yes</td><td class="s0" dir="ltr">artist_pranks</td></tr><tr style="height: 20px"><th id="0R16" style="height: 20px;" class="row-headers-background row-header-shim"><div class="row-header-wrapper" style="line-height: 20px">17</div></th><td class="s1" dir="ltr">16</td><td class="s0" dir="ltr">Halloween</td><td class="s0" dir="ltr">halloween.jpg</td><td></td><td class="s0">halloween</td></tr><tr style="height: 20px"><th id="0R17" style="height: 20px;" class="row-headers-background row-header-shim"><div class="row-header-wrapper" style="line-height: 20px">18</div></th><td class="s1" dir="ltr">17</td><td class="s0" dir="ltr">Sting</td><td class="s0" dir="ltr">sting.jpg</td><td></td><td class="s0">sting</td></tr><tr style="height: 20px"><th id="0R18" style="height: 20px;" class="row-headers-background row-header-shim"><div class="row-header-wrapper" style="line-height: 20px">19</div></th><td class="s1" dir="ltr">18</td><td class="s0" dir="ltr">Quiver</td><td class="s0" dir="ltr">quiver.jpg</td><td></td><td class="s0">quiver</td></tr><tr style="height: 20px"><th id="0R19" style="height: 20px;" class="row-headers-background row-header-shim"><div class="row-header-wrapper" style="line-height: 20px">20</div></th><td class="s1" dir="ltr">19</td><td class="s0" dir="ltr">Vouch</td><td class="s0" dir="ltr">vouch.jpg</td><td></td><td class="s0">vouch</td></tr><tr style="height: 20px"><th id="0R20" style="height: 20px;" class="row-headers-background row-header-shim"><div class="row-header-wrapper" style="line-height: 20px">21</div></th><td class="s1" dir="ltr">20</td><td class="s0" dir="ltr">Jlac</td><td class="s0" dir="ltr">jlac.jpg</td><td class="s0" dir="ltr">yes</td><td class="s0">jlac</td></tr><tr style="height: 20px"><th id="0R21" style="height: 20px;" class="row-headers-background row-header-shim"><div class="row-header-wrapper" style="line-height: 20px">22</div></th><td class="s1" dir="ltr">21</td><td class="s0" dir="ltr">Robber</td><td class="s0" dir="ltr">robber.jpg,robber_b.jpg</td><td></td><td class="s0">robber</td></tr><tr style="height: 20px"><th id="0R22" style="height: 20px;" class="row-headers-background row-header-shim"><div class="row-header-wrapper" style="line-height: 20px">23</div></th><td class="s1" dir="ltr">22</td><td class="s0" dir="ltr">Willy n&#39; Abner</td><td class="s0" dir="ltr">willy_n_abner.jpg</td><td></td><td class="s0" dir="ltr">willy_n_abner</td></tr><tr style="height: 20px"><th id="0R23" style="height: 20px;" class="row-headers-background row-header-shim"><div class="row-header-wrapper" style="line-height: 20px">24</div></th><td class="s1" dir="ltr">23</td><td class="s0" dir="ltr">Construction</td><td class="s0" dir="ltr">construction.jpg</td><td class="s0" dir="ltr">yes</td><td class="s0">construction</td></tr><tr style="height: 20px"><th id="0R24" style="height: 20px;" class="row-headers-background row-header-shim"><div class="row-header-wrapper" style="line-height: 20px">25</div></th><td class="s1" dir="ltr">24</td><td class="s0" dir="ltr">Cockroach</td><td class="s0" dir="ltr">cockroach.jpg</td><td></td><td class="s0">cockroach</td></tr><tr style="height: 20px"><th id="0R25" style="height: 20px;" class="row-headers-background row-header-shim"><div class="row-header-wrapper" style="line-height: 20px">26</div></th><td class="s1" dir="ltr">25</td><td class="s0" dir="ltr">Infrastructure</td><td class="s0" dir="ltr">infrastructure.jpg</td><td></td><td class="s0">infrastructure</td></tr><tr style="height: 20px"><th id="0R26" style="height: 20px;" class="row-headers-background row-header-shim"><div class="row-header-wrapper" style="line-height: 20px">27</div></th><td class="s1" dir="ltr">26</td><td class="s0" dir="ltr">Charlie</td><td class="s0" dir="ltr">charlie.jpg</td><td class="s0" dir="ltr">yes</td><td class="s0">charlie</td></tr><tr style="height: 20px"><th id="0R27" style="height: 20px;" class="row-headers-background row-header-shim"><div class="row-header-wrapper" style="line-height: 20px">28</div></th><td class="s1" dir="ltr">27</td><td class="s0" dir="ltr">Advice</td><td class="s0" dir="ltr">advice.jpg</td><td></td><td class="s0">advice</td></tr><tr style="height: 20px"><th id="0R28" style="height: 20px;" class="row-headers-background row-header-shim"><div class="row-header-wrapper" style="line-height: 20px">29</div></th><td class="s1" dir="ltr">28</td><td class="s0" dir="ltr">Comic Mishap</td><td class="s0" dir="ltr">comic_mishap.jpg</td><td></td><td class="s0" dir="ltr">comic_mishap</td></tr><tr style="height: 20px"><th id="0R29" style="height: 20px;" class="row-headers-background row-header-shim"><div class="row-header-wrapper" style="line-height: 20px">30</div></th><td class="s1" dir="ltr">29</td><td class="s0" dir="ltr">Drums</td><td class="s0" dir="ltr">drums.jpg</td><td></td><td class="s0">drums</td></tr><tr style="height: 20px"><th id="0R30" style="height: 20px;" class="row-headers-background row-header-shim"><div class="row-header-wrapper" style="line-height: 20px">31</div></th><td class="s1" dir="ltr">30</td><td class="s0" dir="ltr">Young Statue</td><td class="s0" dir="ltr">young_statue.jpg</td><td class="s0" dir="ltr">yes</td><td class="s0" dir="ltr">young_statue</td></tr><tr style="height: 20px"><th id="0R31" style="height: 20px;" class="row-headers-background row-header-shim"><div class="row-header-wrapper" style="line-height: 20px">32</div></th><td class="s1" dir="ltr">31</td><td class="s0" dir="ltr">Conversation Piece</td><td class="s0" dir="ltr">conversation_piece.jpg</td><td></td><td class="s2 softmerge" dir="ltr"><div class="softmerge-inner" style="width:198px;left:-1px">conversation_piece</div></td></tr><tr style="height: 20px"><th id="0R32" style="height: 20px;" class="row-headers-background row-header-shim"><div class="row-header-wrapper" style="line-height: 20px">33</div></th><td class="s1" dir="ltr">32</td><td class="s0" dir="ltr">Weekend</td><td class="s0" dir="ltr">weekend.jpg</td><td></td><td class="s0">weekend</td></tr><tr style="height: 20px"><th id="0R33" style="height: 20px;" class="row-headers-background row-header-shim"><div class="row-header-wrapper" style="line-height: 20px">34</div></th><td class="s1" dir="ltr">33</td><td class="s0" dir="ltr">Checkup</td><td class="s0" dir="ltr">checkup.jpg</td><td class="s0" dir="ltr">yes</td><td class="s0">checkup</td></tr><tr style="height: 20px"><th id="0R34" style="height: 20px;" class="row-headers-background row-header-shim"><div class="row-header-wrapper" style="line-height: 20px">35</div></th><td class="s1" dir="ltr">34</td><td class="s0" dir="ltr">Ron&#39;s Film Reviews</td><td class="s0" dir="ltr">rons_film_reviews.jpg</td><td></td><td class="s2 softmerge" dir="ltr"><div class="softmerge-inner" style="width:198px;left:-1px">rons_film_reviews</div></td></tr><tr style="height: 20px"><th id="0R35" style="height: 20px;" class="row-headers-background row-header-shim"><div class="row-header-wrapper" style="line-height: 20px">36</div></th><td class="s1" dir="ltr">35</td><td class="s0" dir="ltr">Parking</td><td class="s0" dir="ltr">parking.jpg</td><td></td><td class="s0">parking</td></tr><tr style="height: 20px"><th id="0R36" style="height: 20px;" class="row-headers-background row-header-shim"><div class="row-header-wrapper" style="line-height: 20px">37</div></th><td class="s1" dir="ltr">36</td><td class="s0" dir="ltr">Customer Service</td><td class="s0" dir="ltr">customer_service.jpg</td><td></td><td class="s2 softmerge" dir="ltr"><div class="softmerge-inner" style="width:198px;left:-1px">customer_service</div></td></tr><tr style="height: 20px"><th id="0R37" style="height: 20px;" class="row-headers-background row-header-shim"><div class="row-header-wrapper" style="line-height: 20px">38</div></th><td class="s1" dir="ltr">37</td><td class="s0" dir="ltr">Rocket Science</td><td class="s0" dir="ltr">rocket_science.jpg</td><td class="s0" dir="ltr">yes</td><td class="s0" dir="ltr">rocket_science</td></tr><tr style="height: 20px"><th id="0R38" style="height: 20px;" class="row-headers-background row-header-shim"><div class="row-header-wrapper" style="line-height: 20px">39</div></th><td class="s1" dir="ltr">38</td><td class="s0" dir="ltr">Rules</td><td class="s0" dir="ltr">rules.jpg</td><td></td><td class="s0">rules</td></tr><tr style="height: 20px"><th id="0R39" style="height: 20px;" class="row-headers-background row-header-shim"><div class="row-header-wrapper" style="line-height: 20px">40</div></th><td class="s1" dir="ltr">39</td><td class="s0" dir="ltr">Leg</td><td class="s0" dir="ltr">leg.jpg</td><td></td><td class="s0">leg</td></tr><tr style="height: 20px"><th id="0R40" style="height: 20px;" class="row-headers-background row-header-shim"><div class="row-header-wrapper" style="line-height: 20px">41</div></th><td class="s1" dir="ltr">40</td><td class="s0" dir="ltr">Finders Keepers</td><td class="s0" dir="ltr">finders_keepers.jpg</td><td class="s0" dir="ltr">yes</td><td class="s0" dir="ltr">finders_keepers</td></tr><tr style="height: 20px"><th id="0R41" style="height: 20px;" class="row-headers-background row-header-shim"><div class="row-header-wrapper" style="line-height: 20px">42</div></th><td class="s1" dir="ltr">41</td><td class="s0" dir="ltr">Mick n&#39; Mike</td><td class="s0" dir="ltr">mick_n_mike.jpg</td><td></td><td class="s0" dir="ltr">mick_n_mike</td></tr><tr style="height: 20px"><th id="0R42" style="height: 20px;" class="row-headers-background row-header-shim"><div class="row-header-wrapper" style="line-height: 20px">43</div></th><td class="s1" dir="ltr">42</td><td class="s0" dir="ltr">Around the Block</td><td class="s0" dir="ltr">around_the_block.jpg</td><td></td><td class="s2 softmerge" dir="ltr"><div class="softmerge-inner" style="width:198px;left:-1px">around_the_block</div></td></tr><tr style="height: 20px"><th id="0R43" style="height: 20px;" class="row-headers-background row-header-shim"><div class="row-header-wrapper" style="line-height: 20px">44</div></th><td class="s1" dir="ltr">43</td><td class="s0" dir="ltr">Clapper</td><td class="s0" dir="ltr">clapper.jpg</td><td class="s0" dir="ltr">yes</td><td class="s0">clapper</td></tr><tr style="height: 20px"><th id="0R44" style="height: 20px;" class="row-headers-background row-header-shim"><div class="row-header-wrapper" style="line-height: 20px">45</div></th><td class="s1" dir="ltr">44</td><td class="s0" dir="ltr">Scenario</td><td class="s0" dir="ltr">scenario.jpg</td><td></td><td class="s0">scenario</td></tr><tr style="height: 20px"><th id="0R45" style="height: 20px;" class="row-headers-background row-header-shim"><div class="row-header-wrapper" style="line-height: 20px">46</div></th><td class="s1" dir="ltr">45</td><td class="s0" dir="ltr">Thumb War</td><td class="s0" dir="ltr">thumb_war.jpg</td><td></td><td class="s0" dir="ltr">thumb_war</td></tr><tr style="height: 20px"><th id="0R46" style="height: 20px;" class="row-headers-background row-header-shim"><div class="row-header-wrapper" style="line-height: 20px">47</div></th><td class="s1" dir="ltr">46</td><td class="s0" dir="ltr">Forensics</td><td class="s0" dir="ltr">forensics.jpg</td><td class="s0" dir="ltr">yes</td><td class="s0">forensics</td></tr><tr style="height: 20px"><th id="0R47" style="height: 20px;" class="row-headers-background row-header-shim"><div class="row-header-wrapper" style="line-height: 20px">48</div></th><td class="s1" dir="ltr">47</td><td class="s0" dir="ltr">Water</td><td class="s0" dir="ltr">water.jpg</td><td></td><td class="s0">water</td></tr><tr style="height: 20px"><th id="0R48" style="height: 20px;" class="row-headers-background row-header-shim"><div class="row-header-wrapper" style="line-height: 20px">49</div></th><td class="s1" dir="ltr">48</td><td class="s0" dir="ltr">Ads</td><td class="s0" dir="ltr">ads.jpg</td><td></td><td class="s0">ads</td></tr><tr style="height: 20px"><th id="0R49" style="height: 20px;" class="row-headers-background row-header-shim"><div class="row-header-wrapper" style="line-height: 20px">50</div></th><td class="s1" dir="ltr">49</td><td class="s0" dir="ltr">Language Barrier</td><td class="s0" dir="ltr">language_barrier.jpg</td><td></td><td class="s0" dir="ltr">language_barrier</td></tr><tr style="height: 20px"><th id="0R50" style="height: 20px;" class="row-headers-background row-header-shim"><div class="row-header-wrapper" style="line-height: 20px">51</div></th><td class="s1" dir="ltr">50</td><td class="s0" dir="ltr">Home Security</td><td class="s0" dir="ltr">home_security.jpg</td><td class="s0" dir="ltr">yes</td><td class="s0" dir="ltr">home_security</td></tr><tr style="height: 20px"><th id="0R51" style="height: 20px;" class="row-headers-background row-header-shim"><div class="row-header-wrapper" style="line-height: 20px">52</div></th><td class="s1" dir="ltr">51</td><td class="s0" dir="ltr">Knock Knock</td><td class="s0" dir="ltr">knock_knock.jpg</td><td></td><td class="s0" dir="ltr">knock_knock</td></tr><tr style="height: 20px"><th id="0R52" style="height: 20px;" class="row-headers-background row-header-shim"><div class="row-header-wrapper" style="line-height: 20px">53</div></th><td class="s1" dir="ltr">52</td><td class="s0" dir="ltr">Race</td><td class="s0" dir="ltr">race.jpg</td><td></td><td class="s0">race</td></tr><tr style="height: 20px"><th id="0R53" style="height: 20px;" class="row-headers-background row-header-shim"><div class="row-header-wrapper" style="line-height: 20px">54</div></th><td class="s1" dir="ltr">53</td><td class="s0" dir="ltr">Struggles</td><td class="s0" dir="ltr">struggles.jpg</td><td class="s0" dir="ltr">yes</td><td class="s0">struggles</td></tr><tr style="height: 20px"><th id="0R54" style="height: 20px;" class="row-headers-background row-header-shim"><div class="row-header-wrapper" style="line-height: 20px">55</div></th><td class="s1" dir="ltr">54</td><td class="s0" dir="ltr">Valentine&#39;s Day</td><td class="s0" dir="ltr">valentines_day.jpg</td><td></td><td class="s0" dir="ltr">valentines_day</td></tr><tr style="height: 20px"><th id="0R55" style="height: 20px;" class="row-headers-background row-header-shim"><div class="row-header-wrapper" style="line-height: 20px">56</div></th><td class="s1" dir="ltr">55</td><td class="s0" dir="ltr">Music Video</td><td class="s0" dir="ltr">music_video.jpg</td><td></td><td class="s0" dir="ltr">music_video</td></tr><tr style="height: 20px"><th id="0R56" style="height: 20px;" class="row-headers-background row-header-shim"><div class="row-header-wrapper" style="line-height: 20px">57</div></th><td class="s1" dir="ltr">56</td><td class="s0" dir="ltr">Milk and Coke</td><td class="s0" dir="ltr">milk_and_coke.jpg</td><td></td><td class="s0" dir="ltr">milk_and_coke</td></tr><tr style="height: 20px"><th id="0R57" style="height: 20px;" class="row-headers-background row-header-shim"><div class="row-header-wrapper" style="line-height: 20px">58</div></th><td class="s1" dir="ltr">57</td><td class="s0" dir="ltr">Reunion</td><td class="s0" dir="ltr">reunion.jpg</td><td class="s0" dir="ltr">yes</td><td class="s0">reunion</td></tr><tr style="height: 20px"><th id="0R58" style="height: 20px;" class="row-headers-background row-header-shim"><div class="row-header-wrapper" style="line-height: 20px">59</div></th><td class="s1" dir="ltr">58</td><td class="s0" dir="ltr">Squirrel Man</td><td class="s0" dir="ltr">squirrel_man.jpg</td><td></td><td class="s0" dir="ltr">squirrel_man</td></tr><tr style="height: 20px"><th id="0R59" style="height: 20px;" class="row-headers-background row-header-shim"><div class="row-header-wrapper" style="line-height: 20px">60</div></th><td class="s1" dir="ltr">59</td><td class="s0" dir="ltr">Mischief</td><td class="s0" dir="ltr">mischief.jpg</td><td class="s0" dir="ltr">yes</td><td class="s0">mischief</td></tr><tr style="height: 20px"><th id="0R60" style="height: 20px;" class="row-headers-background row-header-shim"><div class="row-header-wrapper" style="line-height: 20px">61</div></th><td class="s1" dir="ltr">60</td><td class="s0" dir="ltr">Logo</td><td class="s0" dir="ltr">logo.jpg</td><td></td><td class="s0">logo</td></tr><tr style="height: 20px"><th id="0R61" style="height: 20px;" class="row-headers-background row-header-shim"><div class="row-header-wrapper" style="line-height: 20px">62</div></th><td class="s1" dir="ltr">61</td><td class="s0" dir="ltr">The Talk</td><td class="s0" dir="ltr">the_talk.jpg</td><td></td><td class="s0" dir="ltr">the_talk</td></tr><tr style="height: 20px"><th id="0R62" style="height: 20px;" class="row-headers-background row-header-shim"><div class="row-header-wrapper" style="line-height: 20px">63</div></th><td class="s1" dir="ltr">62</td><td class="s0" dir="ltr">Cartoon Crime Scenes</td><td class="s0" dir="ltr">cartoon_crime_scenes.jpg</td><td class="s0" dir="ltr">yes</td><td class="s2 softmerge" dir="ltr"><div class="softmerge-inner" style="width:198px;left:-1px">cartoon_crime_scenes</div></td></tr><tr style="height: 20px"><th id="0R63" style="height: 20px;" class="row-headers-background row-header-shim"><div class="row-header-wrapper" style="line-height: 20px">64</div></th><td class="s1" dir="ltr">63</td><td class="s0" dir="ltr">Entitlement</td><td class="s0" dir="ltr">entitlement.jpg</td><td></td><td class="s0">entitlement</td></tr><tr style="height: 20px"><th id="0R64" style="height: 20px;" class="row-headers-background row-header-shim"><div class="row-header-wrapper" style="line-height: 20px">65</div></th><td class="s1" dir="ltr">64</td><td class="s0" dir="ltr">Carl</td><td class="s0" dir="ltr">carl.jpg</td><td class="s0" dir="ltr">yes</td><td class="s0">carl</td></tr><tr style="height: 20px"><th id="0R65" style="height: 20px;" class="row-headers-background row-header-shim"><div class="row-header-wrapper" style="line-height: 20px">66</div></th><td class="s1" dir="ltr">65</td><td class="s0" dir="ltr">Underwater Construction</td><td class="s0" dir="ltr">underwater_construction.jpg</td><td></td><td class="s2 softmerge" dir="ltr"><div class="softmerge-inner" style="width:198px;left:-1px">underwater_construction</div></td></tr><tr style="height: 20px"><th id="0R66" style="height: 20px;" class="row-headers-background row-header-shim"><div class="row-header-wrapper" style="line-height: 20px">67</div></th><td class="s1" dir="ltr">66</td><td class="s0" dir="ltr">Heathen</td><td class="s0" dir="ltr">heathen.jpg</td><td class="s0" dir="ltr">yes</td><td class="s0">heathen</td></tr><tr style="height: 20px"><th id="0R67" style="height: 20px;" class="row-headers-background row-header-shim"><div class="row-header-wrapper" style="line-height: 20px">68</div></th><td class="s1" dir="ltr">67</td><td class="s0" dir="ltr">Fish</td><td class="s0" dir="ltr">fish.jpg</td><td></td><td class="s0">fish</td></tr><tr style="height: 20px"><th id="0R68" style="height: 20px;" class="row-headers-background row-header-shim"><div class="row-header-wrapper" style="line-height: 20px">69</div></th><td class="s1" dir="ltr">68</td><td class="s0" dir="ltr">Heaven</td><td class="s0" dir="ltr">heaven.jpg</td><td class="s0" dir="ltr">yes</td><td class="s0">heaven</td></tr><tr style="height: 20px"><th id="0R69" style="height: 20px;" class="row-headers-background row-header-shim"><div class="row-header-wrapper" style="line-height: 20px">70</div></th><td class="s1" dir="ltr">69</td><td class="s0" dir="ltr">Accelerate</td><td class="s0" dir="ltr">accelerate.jpg</td><td></td><td class="s0">accelerate</td></tr><tr style="height: 20px"><th id="0R70" style="height: 20px;" class="row-headers-background row-header-shim"><div class="row-header-wrapper" style="line-height: 20px">71</div></th><td class="s1" dir="ltr">70</td><td class="s0" dir="ltr">Traffic</td><td class="s0" dir="ltr">traffic.jpg</td><td></td><td class="s0">traffic</td></tr><tr style="height: 20px"><th id="0R71" style="height: 20px;" class="row-headers-background row-header-shim"><div class="row-header-wrapper" style="line-height: 20px">72</div></th><td class="s1" dir="ltr">71</td><td class="s0" dir="ltr">Lottery</td><td class="s0" dir="ltr">lottery.jpg</td><td></td><td class="s0">lottery</td></tr><tr style="height: 20px"><th id="0R72" style="height: 20px;" class="row-headers-background row-header-shim"><div class="row-header-wrapper" style="line-height: 20px">73</div></th><td class="s1" dir="ltr">72</td><td class="s0" dir="ltr">Concept Album</td><td class="s0" dir="ltr">concept_album.jpg</td><td class="s0" dir="ltr">yes</td><td class="s0" dir="ltr">concept_album</td></tr><tr style="height: 20px"><th id="0R73" style="height: 20px;" class="row-headers-background row-header-shim"><div class="row-header-wrapper" style="line-height: 20px">74</div></th><td class="s1" dir="ltr">73</td><td class="s0" dir="ltr">Endeavor</td><td class="s0" dir="ltr">endeavor.jpg</td><td></td><td class="s0">endeavor</td></tr><tr style="height: 20px"><th id="0R74" style="height: 20px;" class="row-headers-background row-header-shim"><div class="row-header-wrapper" style="line-height: 20px">75</div></th><td class="s1" dir="ltr">74</td><td class="s0" dir="ltr">Vacuum</td><td class="s0" dir="ltr">vacuum.jpg</td><td></td><td class="s0">vacuum</td></tr><tr style="height: 20px"><th id="0R75" style="height: 20px;" class="row-headers-background row-header-shim"><div class="row-header-wrapper" style="line-height: 20px">76</div></th><td class="s1" dir="ltr">75</td><td class="s0" dir="ltr">Steve</td><td class="s0" dir="ltr">steve.jpg</td><td class="s0" dir="ltr">yes</td><td class="s0">steve</td></tr><tr style="height: 20px"><th id="0R76" style="height: 20px;" class="row-headers-background row-header-shim"><div class="row-header-wrapper" style="line-height: 20px">77</div></th><td class="s1" dir="ltr">76</td><td class="s0" dir="ltr">Waiter</td><td class="s0" dir="ltr">waiter.jpg</td><td></td><td class="s0">waiter</td></tr><tr style="height: 20px"><th id="0R77" style="height: 20px;" class="row-headers-background row-header-shim"><div class="row-header-wrapper" style="line-height: 20px">78</div></th><td class="s1" dir="ltr">77</td><td class="s0" dir="ltr">Board Meeting</td><td class="s0" dir="ltr">board_meeting.jpg</td><td></td><td class="s0" dir="ltr">board_meeting</td></tr><tr style="height: 20px"><th id="0R78" style="height: 20px;" class="row-headers-background row-header-shim"><div class="row-header-wrapper" style="line-height: 20px">79</div></th><td class="s1" dir="ltr">78</td><td class="s0" dir="ltr">Lover vs. Fighter</td><td class="s0" dir="ltr">lover_vs_fighter.jpg</td><td></td><td class="s0" dir="ltr">lover_vs_fighter</td></tr><tr style="height: 20px"><th id="0R79" style="height: 20px;" class="row-headers-background row-header-shim"><div class="row-header-wrapper" style="line-height: 20px">80</div></th><td class="s1" dir="ltr">79</td><td class="s0" dir="ltr">Art</td><td class="s0" dir="ltr">art.jpg</td><td></td><td class="s0">art</td></tr><tr style="height: 20px"><th id="0R80" style="height: 20px;" class="row-headers-background row-header-shim"><div class="row-header-wrapper" style="line-height: 20px">81</div></th><td class="s1" dir="ltr">80</td><td class="s0" dir="ltr">Math Luncheon</td><td class="s0" dir="ltr">math_luncheon.jpg</td><td></td><td class="s0" dir="ltr">math_luncheon</td></tr><tr style="height: 20px"><th id="0R81" style="height: 20px;" class="row-headers-background row-header-shim"><div class="row-header-wrapper" style="line-height: 20px">82</div></th><td class="s1" dir="ltr">81</td><td class="s0" dir="ltr">Birth of a Nation</td><td class="s0" dir="ltr">birth_of_a_nation.jpg</td><td></td><td class="s0" dir="ltr">birth_of_a_nation</td></tr><tr style="height: 20px"><th id="0R82" style="height: 20px;" class="row-headers-background row-header-shim"><div class="row-header-wrapper" style="line-height: 20px">83</div></th><td class="s1" dir="ltr">82</td><td class="s0" dir="ltr">Topics</td><td class="s0" dir="ltr">topics.jpg</td><td></td><td class="s0">topics</td></tr><tr style="height: 20px"><th id="0R83" style="height: 20px;" class="row-headers-background row-header-shim"><div class="row-header-wrapper" style="line-height: 20px">84</div></th><td class="s1" dir="ltr">83</td><td class="s0" dir="ltr">Editor</td><td class="s0" dir="ltr">editor.jpg</td><td></td><td class="s0">editor</td></tr><tr style="height: 20px"><th id="0R84" style="height: 20px;" class="row-headers-background row-header-shim"><div class="row-header-wrapper" style="line-height: 20px">85</div></th><td class="s1" dir="ltr">84</td><td class="s0" dir="ltr">Cool</td><td class="s0" dir="ltr">cool.jpg</td><td></td><td class="s0">cool</td></tr><tr style="height: 20px"><th id="0R85" style="height: 20px;" class="row-headers-background row-header-shim"><div class="row-header-wrapper" style="line-height: 20px">86</div></th><td class="s1" dir="ltr">85</td><td class="s0" dir="ltr">Lamp</td><td class="s0" dir="ltr">lamp.jpg</td><td></td><td class="s0">lamp</td></tr><tr style="height: 20px"><th id="0R86" style="height: 20px;" class="row-headers-background row-header-shim"><div class="row-header-wrapper" style="line-height: 20px">87</div></th><td class="s1" dir="ltr">86</td><td class="s0" dir="ltr">Stationary Bike</td><td class="s0" dir="ltr">stationary_bike.jpg</td><td></td><td class="s0" dir="ltr">stationary_bike</td></tr><tr style="height: 20px"><th id="0R87" style="height: 20px;" class="row-headers-background row-header-shim"><div class="row-header-wrapper" style="line-height: 20px">88</div></th><td class="s1" dir="ltr">87</td><td class="s0" dir="ltr">Dads</td><td class="s0" dir="ltr">dads.jpg</td><td></td><td class="s0">dads</td></tr><tr style="height: 20px"><th id="0R88" style="height: 20px;" class="row-headers-background row-header-shim"><div class="row-header-wrapper" style="line-height: 20px">89</div></th><td class="s1" dir="ltr">88</td><td class="s0" dir="ltr">Love</td><td class="s0" dir="ltr">love.jpg</td><td></td><td class="s0">love</td></tr><tr style="height: 20px"><th id="0R89" style="height: 20px;" class="row-headers-background row-header-shim"><div class="row-header-wrapper" style="line-height: 20px">90</div></th><td class="s1" dir="ltr">89</td><td class="s0" dir="ltr">Headlights</td><td class="s0" dir="ltr">headlights.jpg</td><td></td><td class="s0">headlights</td></tr><tr style="height: 20px"><th id="0R90" style="height: 20px;" class="row-headers-background row-header-shim"><div class="row-header-wrapper" style="line-height: 20px">91</div></th><td class="s1" dir="ltr">90</td><td class="s0" dir="ltr">Form</td><td class="s0" dir="ltr">form.jpg</td><td class="s0" dir="ltr">yes</td><td class="s0">form</td></tr><tr style="height: 20px"><th id="0R91" style="height: 20px;" class="row-headers-background row-header-shim"><div class="row-header-wrapper" style="line-height: 20px">92</div></th><td class="s1" dir="ltr">91</td><td class="s0" dir="ltr">Just Married</td><td class="s0" dir="ltr">just_married.jpg</td><td class="s0" dir="ltr">yes</td><td class="s0" dir="ltr">just_married</td></tr><tr style="height: 20px"><th id="0R92" style="height: 20px;" class="row-headers-background row-header-shim"><div class="row-header-wrapper" style="line-height: 20px">93</div></th><td class="s1" dir="ltr">92</td><td class="s0" dir="ltr">Um</td><td class="s0" dir="ltr">um.jpg</td><td class="s0" dir="ltr">yes</td><td class="s0">um</td></tr><tr style="height: 20px"><th id="0R93" style="height: 20px;" class="row-headers-background row-header-shim"><div class="row-header-wrapper" style="line-height: 20px">94</div></th><td class="s1" dir="ltr">93</td><td class="s0" dir="ltr">Helmets</td><td class="s0" dir="ltr">helmets.jpg</td><td></td><td class="s0">helmets</td></tr><tr style="height: 20px"><th id="0R94" style="height: 20px;" class="row-headers-background row-header-shim"><div class="row-header-wrapper" style="line-height: 20px">95</div></th><td class="s1" dir="ltr">94</td><td class="s0" dir="ltr">Vacation Photos</td><td class="s0" dir="ltr">vacation_photos.jpg</td><td></td><td class="s0" dir="ltr">vacation_photos</td></tr><tr style="height: 20px"><th id="0R95" style="height: 20px;" class="row-headers-background row-header-shim"><div class="row-header-wrapper" style="line-height: 20px">96</div></th><td class="s1" dir="ltr">95</td><td class="s0" dir="ltr">Gumption</td><td class="s0" dir="ltr">gumption.jpg</td><td></td><td class="s0">gumption</td></tr><tr style="height: 20px"><th id="0R96" style="height: 20px;" class="row-headers-background row-header-shim"><div class="row-header-wrapper" style="line-height: 20px">97</div></th><td class="s1" dir="ltr">96</td><td class="s0" dir="ltr">Rolling Eyes</td><td class="s0" dir="ltr">rolling_eyes.jpg</td><td></td><td class="s0" dir="ltr">rolling_eyes</td></tr><tr style="height: 20px"><th id="0R97" style="height: 20px;" class="row-headers-background row-header-shim"><div class="row-header-wrapper" style="line-height: 20px">98</div></th><td class="s1" dir="ltr">97</td><td class="s0" dir="ltr">People Watch</td><td class="s0" dir="ltr">people_watch.jpg</td><td></td><td class="s0" dir="ltr">people_watch</td></tr><tr style="height: 20px"><th id="0R98" style="height: 20px;" class="row-headers-background row-header-shim"><div class="row-header-wrapper" style="line-height: 20px">99</div></th><td class="s1" dir="ltr">98</td><td class="s0" dir="ltr">Zany Laws</td><td class="s0" dir="ltr">zany_laws.jpg</td><td></td><td class="s0" dir="ltr">zany_laws</td></tr><tr style="height: 20px"><th id="0R99" style="height: 20px;" class="row-headers-background row-header-shim"><div class="row-header-wrapper" style="line-height: 20px">100</div></th><td class="s1" dir="ltr">99</td><td class="s0" dir="ltr">The Wrong Foot</td><td class="s0" dir="ltr">the_wrong_foot.jpg</td><td></td><td class="s0" dir="ltr">the_wrong_foot</td></tr><tr style="height: 20px"><th id="0R100" style="height: 20px;" class="row-headers-background row-header-shim"><div class="row-header-wrapper" style="line-height: 20px">101</div></th><td class="s1" dir="ltr">100</td><td class="s0" dir="ltr">Famous Connection</td><td class="s0" dir="ltr">famous_connection.jpg</td><td></td><td class="s2 softmerge" dir="ltr"><div class="softmerge-inner" style="width:198px;left:-1px">famous_connection</div></td></tr><tr style="height: 20px"><th id="0R101" style="height: 20px;" class="row-headers-background row-header-shim"><div class="row-header-wrapper" style="line-height: 20px">102</div></th><td class="s1" dir="ltr">101</td><td class="s0" dir="ltr">Road Trip</td><td class="s0" dir="ltr">road_trip.jpg</td><td></td><td class="s0" dir="ltr">road_trip</td></tr><tr style="height: 20px"><th id="0R102" style="height: 20px;" class="row-headers-background row-header-shim"><div class="row-header-wrapper" style="line-height: 20px">103</div></th><td class="s1" dir="ltr">102</td><td class="s0" dir="ltr">Tissues</td><td class="s0" dir="ltr">tissues.jpg</td><td></td><td class="s0">tissues</td></tr><tr style="height: 20px"><th id="0R103" style="height: 20px;" class="row-headers-background row-header-shim"><div class="row-header-wrapper" style="line-height: 20px">104</div></th><td class="s1" dir="ltr">103</td><td class="s0" dir="ltr">Blessing</td><td class="s0" dir="ltr">blessing.jpg</td><td class="s0" dir="ltr">yes</td><td class="s0">blessing</td></tr><tr style="height: 20px"><th id="0R104" style="height: 20px;" class="row-headers-background row-header-shim"><div class="row-header-wrapper" style="line-height: 20px">105</div></th><td class="s1" dir="ltr">104</td><td class="s0" dir="ltr">White Whale</td><td class="s0" dir="ltr">white_whale.jpg</td><td></td><td class="s0" dir="ltr">white_whale</td></tr><tr style="height: 20px"><th id="0R105" style="height: 20px;" class="row-headers-background row-header-shim"><div class="row-header-wrapper" style="line-height: 20px">106</div></th><td class="s1" dir="ltr">105</td><td class="s0" dir="ltr">Pineapple</td><td class="s0" dir="ltr">pineapple.jpg</td><td></td><td class="s0">pineapple</td></tr><tr style="height: 20px"><th id="0R106" style="height: 20px;" class="row-headers-background row-header-shim"><div class="row-header-wrapper" style="line-height: 20px">107</div></th><td class="s1" dir="ltr">106</td><td class="s0" dir="ltr">Waves</td><td class="s0" dir="ltr">waves.jpg</td><td></td><td class="s0">waves</td></tr><tr style="height: 20px"><th id="0R107" style="height: 20px;" class="row-headers-background row-header-shim"><div class="row-header-wrapper" style="line-height: 20px">108</div></th><td class="s1" dir="ltr">107</td><td class="s0" dir="ltr">Sentimental</td><td class="s0" dir="ltr">sentimental.jpg</td><td class="s0" dir="ltr">yes</td><td class="s0">sentimental</td></tr><tr style="height: 20px"><th id="0R108" style="height: 20px;" class="row-headers-background row-header-shim"><div class="row-header-wrapper" style="line-height: 20px">109</div></th><td class="s1" dir="ltr">108</td><td class="s0" dir="ltr">Graffiti</td><td class="s0" dir="ltr">Comic_108.png</td><td></td><td class="s0">graffiti</td></tr><tr style="height: 20px"><th id="0R109" style="height: 20px;" class="row-headers-background row-header-shim"><div class="row-header-wrapper" style="line-height: 20px">110</div></th><td class="s1" dir="ltr">109</td><td class="s0" dir="ltr">Sayings</td><td class="s0" dir="ltr">Comic_109.png</td><td></td><td class="s0">sayings</td></tr><tr style="height: 20px"><th id="0R110" style="height: 20px;" class="row-headers-background row-header-shim"><div class="row-header-wrapper" style="line-height: 20px">111</div></th><td class="s1" dir="ltr">110</td><td class="s0" dir="ltr">Stomp</td><td class="s0" dir="ltr">Comic_110.png</td><td></td><td class="s0">stomp</td></tr><tr style="height: 20px"><th id="0R111" style="height: 20px;" class="row-headers-background row-header-shim"><div class="row-header-wrapper" style="line-height: 20px">112</div></th><td class="s1" dir="ltr">111</td><td class="s0" dir="ltr">Music</td><td class="s0" dir="ltr">Music.jpg</td><td class="s0" dir="ltr">yes</td><td class="s0">music</td></tr><tr style="height: 20px"><th id="0R112" style="height: 20px;" class="row-headers-background row-header-shim"><div class="row-header-wrapper" style="line-height: 20px">113</div></th><td class="s1" dir="ltr">112</td><td class="s0" dir="ltr">Creamery</td><td class="s0" dir="ltr">Creamery.jpg</td><td class="s0" dir="ltr">yes</td><td class="s0">creamery</td></tr><tr style="height: 20px"><th id="0R113" style="height: 20px;" class="row-headers-background row-header-shim"><div class="row-header-wrapper" style="line-height: 20px">114</div></th><td class="s1" dir="ltr">113</td><td class="s0" dir="ltr">Stan</td><td class="s0" dir="ltr">stan.jpg</td><td></td><td class="s0">stan</td></tr></tbody></table></div></div><div id="22034136" style="display:none;position:relative;" dir="ltr"><div class="ritz grid-container" dir="ltr"><table class="waffle" cellspacing="0" cellpadding="0"><thead><tr><th class="row-header freezebar-vertical-handle header-shim row-header-shim"></th><th id="22034136C0" style="width:212px;" class="header-shim"></th><th id="22034136C1" style="width:100px;" class="header-shim"></th></tr></thead><tbody><tr style="height: 20px"><th id="22034136R0" style="height: 20px;" class="row-headers-background row-header-shim"><div class="row-header-wrapper" style="line-height: 20px">1</div></th><td class="s0" dir="ltr">title</td><td class="s0" dir="ltr">link</td></tr><tr><th style="height:3px;" class="freezebar-cell freezebar-horizontal-handle row-header-shim"></th><td class="freezebar-cell"></td><td class="freezebar-cell"></td></tr><tr style="height: 20px"><th id="22034136R1" style="height: 20px;" class="row-headers-background row-header-shim"><div class="row-header-wrapper" style="line-height: 20px">2</div></th><td class="s0" dir="ltr">Italy Emulation</td><td class="s0" dir="ltr">KaUvK3SCA9w</td></tr><tr style="height: 20px"><th id="22034136R2" style="height: 20px;" class="row-headers-background row-header-shim"><div class="row-header-wrapper" style="line-height: 20px">3</div></th><td class="s0" dir="ltr">Party Time</td><td class="s0" dir="ltr">pJEQuGz9oyg</td></tr><tr style="height: 20px"><th id="22034136R3" style="height: 20px;" class="row-headers-background row-header-shim"><div class="row-header-wrapper" style="line-height: 20px">4</div></th><td class="s0" dir="ltr">How Dads Take Family Photos</td><td class="s0" dir="ltr">c_HYO3k-0vY</td></tr><tr style="height: 20px"><th id="22034136R4" style="height: 20px;" class="row-headers-background row-header-shim"><div class="row-header-wrapper" style="line-height: 20px">5</div></th><td class="s0" dir="ltr">How to get a Mennonite out of Bed</td><td class="s0" dir="ltr">B-mVu_Jz44U</td></tr><tr style="height: 20px"><th id="22034136R5" style="height: 20px;" class="row-headers-background row-header-shim"><div class="row-header-wrapper" style="line-height: 20px">6</div></th><td class="s0" dir="ltr">Song</td><td class="s0" dir="ltr">SAnzxkcVvUA</td></tr><tr style="height: 20px"><th id="22034136R6" style="height: 20px;" class="row-headers-background row-header-shim"><div class="row-header-wrapper" style="line-height: 20px">7</div></th><td class="s0" dir="ltr">Mouth Drumming</td><td class="s0" dir="ltr">OF5k8XvT2tA</td></tr></tbody></table></div></div><div id="679760248" style="display:none;position:relative;" dir="ltr"><div class="ritz grid-container" dir="ltr"><table class="waffle" cellspacing="0" cellpadding="0"><thead><tr><th class="row-header freezebar-vertical-handle header-shim row-header-shim"></th><th id="679760248C0" style="width:100px;" class="header-shim"></th><th id="679760248C1" style="width:100px;" class="header-shim"></th></tr></thead><tbody><tr style="height: 20px"><th id="679760248R0" style="height: 20px;" class="row-headers-background row-header-shim"><div class="row-header-wrapper" style="line-height: 20px">1</div></th><td class="s0" dir="ltr">title</td><td class="s0" dir="ltr">filename</td></tr><tr><th style="height:3px;" class="freezebar-cell freezebar-horizontal-handle row-header-shim"></th><td class="freezebar-cell"></td><td class="freezebar-cell"></td></tr><tr style="height: 20px"><th id="679760248R1" style="height: 20px;" class="row-headers-background row-header-shim"><div class="row-header-wrapper" style="line-height: 20px">2</div></th><td class="s0" dir="ltr">Drawing 1</td><td class="s0" dir="ltr">Drawing+1.jpg</td></tr><tr style="height: 20px"><th id="679760248R2" style="height: 20px;" class="row-headers-background row-header-shim"><div class="row-header-wrapper" style="line-height: 20px">3</div></th><td class="s0" dir="ltr">Drawing 2</td><td class="s0" dir="ltr">Drawing+2.jpg</td></tr><tr style="height: 20px"><th id="679760248R3" style="height: 20px;" class="row-headers-background row-header-shim"><div class="row-header-wrapper" style="line-height: 20px">4</div></th><td class="s0" dir="ltr">Drawing 3</td><td class="s0" dir="ltr">Drawing+3.jpg</td></tr><tr style="height: 20px"><th id="679760248R4" style="height: 20px;" class="row-headers-background row-header-shim"><div class="row-header-wrapper" style="line-height: 20px">5</div></th><td class="s0" dir="ltr">Drawing 4</td><td class="s0" dir="ltr">Drawing+4.jpg</td></tr><tr style="height: 20px"><th id="679760248R5" style="height: 20px;" class="row-headers-background row-header-shim"><div class="row-header-wrapper" style="line-height: 20px">6</div></th><td class="s0" dir="ltr">Drawing 5</td><td class="s0" dir="ltr">Drawing+5.jpg</td></tr><tr style="height: 20px"><th id="679760248R6" style="height: 20px;" class="row-headers-background row-header-shim"><div class="row-header-wrapper" style="line-height: 20px">7</div></th><td class="s0" dir="ltr">Drawing 6</td><td class="s0" dir="ltr">Drawing+6.jpg</td></tr><tr style="height: 20px"><th id="679760248R7" style="height: 20px;" class="row-headers-background row-header-shim"><div class="row-header-wrapper" style="line-height: 20px">8</div></th><td class="s0" dir="ltr">Guy</td><td class="s0" dir="ltr">Guy.jpg</td></tr></tbody></table></div></div><div id="346716922" style="display:none;position:relative;" dir="ltr"><div class="ritz grid-container" dir="ltr"><table class="waffle" cellspacing="0" cellpadding="0"><thead><tr><th class="row-header freezebar-vertical-handle header-shim row-header-shim"></th><th id="346716922C0" style="width:347px;" class="header-shim"></th><th id="346716922C1" style="width:66px;" class="header-shim"></th><th id="346716922C2" style="width:42px;" class="header-shim"></th><th id="346716922C3" style="width:49px;" class="header-shim"></th><th id="346716922C4" style="width:100px;" class="header-shim"></th><th id="346716922C5" style="width:100px;" class="header-shim"></th><th id="346716922C6" style="width:100px;" class="header-shim"></th></tr></thead><tbody><tr style="height: 20px"><th id="346716922R0" style="height: 20px;" class="row-headers-background row-header-shim"><div class="row-header-wrapper" style="line-height: 20px">1</div></th><td class="s0" dir="ltr">title</td><td class="s0" dir="ltr">thumbnail</td><td class="s0" dir="ltr">url</td><td class="s0" dir="ltr">layout</td><td class="s0" dir="ltr">files</td><td class="s0" dir="ltr">captions</td><td class="s0" dir="ltr">text</td></tr><tr><th style="height:3px;" class="freezebar-cell freezebar-horizontal-handle row-header-shim"></th><td class="freezebar-cell"></td><td class="freezebar-cell"></td><td class="freezebar-cell"></td><td class="freezebar-cell"></td><td class="freezebar-cell"></td><td class="freezebar-cell"></td><td class="freezebar-cell"></td></tr><tr style="height: 20px"><th id="346716922R1" style="height: 20px;" class="row-headers-background row-header-shim"><div class="row-header-wrapper" style="line-height: 20px">2</div></th><td class="s0" dir="ltr">&quot;Protection (2009)</td><td class="s0" dir="ltr">birds.jpg</td><td class="s0 softmerge" dir="ltr"><div class="softmerge-inner" style="width:39px;left:-1px">protection</div></td><td class="s0" dir="ltr">page</td><td class="s0" dir="ltr">birds.jpg</td><td class="s0" dir="ltr"></td><td class="s2 softmerge" dir="ltr"><div class="softmerge-inner" style="width:598px;left:-1px">From my high school days. My mom commissioned me to do this drawing for her office.</div></td></tr><tr style="height: 20px"><th id="346716922R2" style="height: 20px;" class="row-headers-background row-header-shim"><div class="row-header-wrapper" style="line-height: 20px">3</div></th><td class="s0" dir="ltr">Clemens News Drawings (2013-2022)</td><td class="s0 softmerge" dir="ltr"><div class="softmerge-inner" style="width:63px;left:-1px">2018com.jpg</div></td><td class="s0 softmerge" dir="ltr"><div class="softmerge-inner" style="width:39px;left:-1px">clemens_news</div></td><td class="s0" dir="ltr">column</td><td class="s0 softmerge" dir="ltr"><div class="softmerge-inner" style="width:97px;left:-1px">2013.png,2014.png,2017.png,2018.jpg,2019.jpg,2020.png,2021.png,2022.png</div></td><td class="s0 softmerge" dir="ltr"><div class="softmerge-inner" style="width:97px;left:-1px">2013;2014;2017;2018;2019;2020;2021;2022</div></td><td class="s2 softmerge" dir="ltr"><div class="softmerge-inner" style="width:1598px;left:-1px">Each year for the holidays, my grandma donates a farm animal, or some farm equipment, to a family in need overseas (through Mennonite Central Committee). Most years, she has asked me to draw a related illustration as part of the monthly family newsletter.</div></td></tr><tr style="height: 20px"><th id="346716922R3" style="height: 20px;" class="row-headers-background row-header-shim"><div class="row-header-wrapper" style="line-height: 20px">4</div></th><td class="s0" dir="ltr">Pixels &amp; Paper (2013)</td><td class="s0" dir="ltr">pixels.png</td><td class="s0" dir="ltr">pixels</td><td class="s0" dir="ltr">page</td><td class="s0" dir="ltr">pixels.jpg</td><td class="s0" dir="ltr"></td><td class="s2 softmerge" dir="ltr"><div class="softmerge-inner" style="width:598px;left:-1px">A project from 2013: I drew the promotional poster for a panel discussion on comics.</div></td></tr><tr style="height: 20px"><th id="346716922R4" style="height: 20px;" class="row-headers-background row-header-shim"><div class="row-header-wrapper" style="line-height: 20px">5</div></th><td class="s0" dir="ltr">Sewing Vocational Training Project (2017)</td><td class="s0" dir="ltr">svtp.png</td><td class="s0" dir="ltr">svtp</td><td class="s0" dir="ltr">page</td><td class="s2 softmerge" dir="ltr"><div class="softmerge-inner" style="width:198px;left:-1px">svtp1.jpg,svtp2.jpg,svtp3.jpg</div></td><td class="s3" dir="ltr"></td><td class="s4 softmerge" dir="ltr"><div class="softmerge-inner" style="width:798px;left:-1px">This illustration was created to help portray the main Lessons Learned from a program run by Organization to Develop Our Villages.</div></td></tr><tr style="height: 20px"><th id="346716922R5" style="height: 20px;" class="row-headers-background row-header-shim"><div class="row-header-wrapper" style="line-height: 20px">6</div></th><td class="s0" dir="ltr">The FLD Handbook (2017)</td><td class="s0" dir="ltr">fld.png</td><td class="s0" dir="ltr">fld</td><td class="s0" dir="ltr">page</td><td class="s2 softmerge" dir="ltr"><div class="softmerge-inner" style="width:197px;left:-1px">FLD_Guidebook_Layout_Oct_2017-01.png,FLD_Guidebook_Layout_Oct_2017-02.png,FLD_Guidebook_Layout_Oct_2017-03.png,FLD_Guidebook_Layout_Oct_2017-04.png,FLD_Guidebook_Layout_Oct_2017-05.png,FLD_Guidebook_Layout_Oct_2017-06.png,FLD_Guidebook_Layout_Oct_2017-07.png,FLD_Guidebook_Layout_Oct_2017-08.png,FLD_Guidebook_Layout_Oct_2017-09.png,FLD_Guidebook_Layout_Oct_2017-10.png,FLD_Guidebook_Layout_Oct_2017-11.png,FLD_Guidebook_Layout_Oct_2017-12.png,FLD_Guidebook_Layout_Oct_2017-13.png,FLD_Guidebook_Layout_Oct_2017-14.png</div></td><td class="s3" dir="ltr"></td><td class="s2 softmerge" dir="ltr"><div class="softmerge-inner" style="width:598px;left:-1px">For this project, I illustrated the steps to a guidebook that taught a constructive listening technique.</div></td></tr><tr style="height: 20px"><th id="346716922R6" style="height: 20px;" class="row-headers-background row-header-shim"><div class="row-header-wrapper" style="line-height: 20px">7</div></th><td class="s0" dir="ltr">Child Protection Policies (2018)</td><td class="s0" dir="ltr">cpp.png</td><td class="s0" dir="ltr">cpp</td><td class="s0" dir="ltr">page</td><td class="s2 softmerge" dir="ltr"><div class="softmerge-inner" style="width:197px;left:-1px">cpp1.jpg,cpp2.jpg,cpp3.jpg,cpp4.jpg</div></td><td class="s3" dir="ltr"></td><td class="s2 softmerge" dir="ltr"><div class="softmerge-inner" style="width:2520px;left:-1px">These Child Protection Policies are used by Organization to Develop Our Communities (ODOV) in the Prey Veng region of Cambodia. The purpose is to clearly communicate to schoolchildren what they can do if they feel distressed or in danger. The first version is the initial English version. The second is the Khmer version, which was passed around to schoolchildren in pamphlet form on June 1, 2018 - International Children&#39;s Day.</div></td></tr><tr style="height: 20px"><th id="346716922R7" style="height: 20px;" class="row-headers-background row-header-shim"><div class="row-header-wrapper" style="line-height: 20px">8</div></th><td class="s0" dir="ltr">FACES (2018-2019)</td><td class="s0" dir="ltr">family.png</td><td class="s0" dir="ltr">family</td><td class="s0" dir="ltr">column</td><td class="s2 softmerge" dir="ltr"><div class="softmerge-inner" style="width:197px;left:-1px">Parents1.jpg,Parents2.jpg,CoParentDoor.jpg,Birthday.jpg</div></td><td class="s3" dir="ltr"></td><td class="s2 softmerge" dir="ltr"><div class="softmerge-inner" style="width:1798px;left:-1px">The following are a series of drawings that I was commissioned to do for FACES, a non-profit Family Service Agency that, among other things, helps families work through divorce and develop healthy co-parenting environments.  &lt;a href=&quot;http://www.facescal.org&quot; target=&quot;_blank&quot;&gt;www.facescal.org&lt;/a&gt;</div></td></tr><tr style="height: 20px"><th id="346716922R8" style="height: 20px;" class="row-headers-background row-header-shim"><div class="row-header-wrapper" style="line-height: 20px">9</div></th><td class="s0" dir="ltr">&quot;A Protected Earth&quot; (2020)</td><td class="s0 softmerge" dir="ltr"><div class="softmerge-inner" style="width:63px;left:-1px">protected_earth.jpg</div></td><td class="s0 softmerge" dir="ltr"><div class="softmerge-inner" style="width:39px;left:-1px">protected_earth</div></td><td class="s0" dir="ltr">page</td><td class="s2 softmerge" dir="ltr"><div class="softmerge-inner" style="width:198px;left:-1px">protected_earth.jpg</div></td><td class="s3" dir="ltr"></td><td class="s4 softmerge" dir="ltr"><div class="softmerge-inner" style="width:798px;left:-1px">A drawing I was commissioned to do for my mom&#39;s birthday!  Idea collaboration between Jonathan Clemens (my dad) and myself.</div></td></tr><tr style="height: 20px"><th id="346716922R9" style="height: 20px;" class="row-headers-background row-header-shim"><div class="row-header-wrapper" style="line-height: 20px">10</div></th><td class="s0" dir="ltr">MCC Cambodia: Aid Distribution during COVID-19 (2020)</td><td class="s0" dir="ltr">covid.png</td><td class="s0" dir="ltr">covid</td><td class="s0" dir="ltr">column</td><td class="s2 softmerge" dir="ltr"><div class="softmerge-inner" style="width:198px;left:-1px">dos_donts.png,diagram.png</div></td><td class="s5"></td><td class="s4 softmerge" dir="ltr"><div class="softmerge-inner" style="width:2738px;left:-1px">These drawings are part of a COVID-related MCC Cambodia project that is working to help make food aid distribution safer and more socially-distanced. The diagrams show how this distribution should and should not look, as well as the different, spaced stages that there would be in a safe distribution system.&lt;br/&gt;&lt;br/&gt;Here is the &lt;a href=&quot;/COVID_SOP_Food_Assistance.pdf&quot; target=&quot;_blank&quot;&gt;Standard Operating Procedure&lt;/a&gt; that these images were based upon.</div></td></tr><tr style="height: 20px"><th id="346716922R10" style="height: 20px;" class="row-headers-background row-header-shim"><div class="row-header-wrapper" style="line-height: 20px">11</div></th><td class="s0" dir="ltr">Calling Tools (2020)</td><td class="s0 softmerge" dir="ltr"><div class="softmerge-inner" style="width:63px;left:-1px">callingtools.jpg</div></td><td class="s0 softmerge" dir="ltr"><div class="softmerge-inner" style="width:39px;left:-1px">calling_tools</div></td><td class="s0" dir="ltr">column</td><td class="s2 softmerge" dir="ltr"><div class="softmerge-inner" style="width:197px;left:-1px">paths3.jpg,rest.jpg,inventory.jpg,map.jpg</div></td><td class="s5"></td><td class="s2 softmerge" dir="ltr"><div class="softmerge-inner" style="width:2904px;left:-1px">For this project, I helped design the banners and overall theme for this website, which focuses on finding your next step, or next path, in your career and in your life.  It provides some practical tools for personal reflection, journaling and conversation from a Christian perspective, represented visually through the theme of hiking.  Please see the banners below, and see how they were integrated into the site by following this link: &lt;a href=&quot;http://callingtools.net&quot; target=&quot;_blank&quot;&gt;callingtools.net&lt;/a&gt;</div></td></tr><tr style="height: 20px"><th id="346716922R11" style="height: 20px;" class="row-headers-background row-header-shim"><div class="row-header-wrapper" style="line-height: 20px">12</div></th><td class="s0" dir="ltr">Coily (2021)</td><td class="s0" dir="ltr">coily.png</td><td class="s0" dir="ltr">coily</td><td class="s0" dir="ltr">column</td><td class="s2 softmerge" dir="ltr"><div class="softmerge-inner" style="width:197px;left:-1px">00092.png,00984.png,02744.png,03606.png</div></td><td class="s5"></td><td class="s2 softmerge" dir="ltr"><div class="softmerge-inner" style="width:1498px;left:-1px">I helped design the backgrounds for Coily, a physics-based platformer created by my brother, Andy Clemens. Check out some screenshots of the game below, and a live version &lt;a href=&quot;https://lizardman500.itch.io/coily&quot; target=&quot;_blank&quot;&gt;here&lt;/a&gt;!</div></td></tr><tr style="height: 20px"><th id="346716922R12" style="height: 20px;" class="row-headers-background row-header-shim"><div class="row-header-wrapper" style="line-height: 20px">13</div></th><td class="s0" dir="ltr">Anniversary Story (2022)</td><td class="s0 softmerge" dir="ltr"><div class="softmerge-inner" style="width:63px;left:-1px">anniversary.jpg</div></td><td class="s0 softmerge" dir="ltr"><div class="softmerge-inner" style="width:39px;left:-1px">anniversary</div></td><td class="s0" dir="ltr">column</td><td class="s0" dir="ltr">anniversary2.jpg</td><td></td><td class="s2 softmerge" dir="ltr"><div class="softmerge-inner" style="width:998px;left:-1px">This was an anniversary gift from my friend Hannah to my friend Israel - each panel is an important moment in their relationship, leading up to their wedding!</div></td></tr></tbody></table></div></div><div id="243161740" style="display:none;position:relative;" dir="ltr"><div class="ritz grid-container" dir="ltr"><table class="waffle" cellspacing="0" cellpadding="0"><thead><tr><th class="row-header freezebar-vertical-handle header-shim row-header-shim"></th><th id="243161740C0" style="width:265px;" class="header-shim"></th><th id="243161740C1" style="width:88px;" class="header-shim"></th><th id="243161740C2" style="width:66px;" class="header-shim"></th></tr></thead><tbody><tr style="height: 20px"><th id="243161740R0" style="height: 20px;" class="row-headers-background row-header-shim"><div class="row-header-wrapper" style="line-height: 20px">1</div></th><td class="s0" dir="ltr">title</td><td class="s0" dir="ltr">image</td><td class="s0" dir="ltr">link</td></tr><tr><th style="height:3px;" class="freezebar-cell freezebar-horizontal-handle row-header-shim"></th><td class="freezebar-cell"></td><td class="freezebar-cell"></td><td class="freezebar-cell"></td></tr><tr style="height: 20px"><th id="243161740R1" style="height: 20px;" class="row-headers-background row-header-shim"><div class="row-header-wrapper" style="line-height: 20px">2</div></th><td class="s0" dir="ltr">The &quot;Rick and Morty&quot; Rift</td><td class="s0" dir="ltr">rickmorty.jpg</td><td class="s6 softmerge" dir="ltr"><div class="softmerge-inner" style="width:455px;left:-1px"><a target="_blank" rel="noreferrer" href="https://www.google.com/url?q=https://chris.chrisdclemens.com/2020/02/the-rick-and-morty-rift.html&amp;sa=D&amp;source=editors&amp;ust=1703197192487207&amp;usg=AOvVaw2_m9ffo0j3YP93hDetyNC8">https://chris.chrisdclemens.com/2020/02/the-rick-and-morty-rift.html</a></div></td></tr><tr style="height: 20px"><th id="243161740R2" style="height: 20px;" class="row-headers-background row-header-shim"><div class="row-header-wrapper" style="line-height: 20px">3</div></th><td class="s0" dir="ltr">&quot;Sticks and Stones&quot; Comedy Special Review</td><td class="s0" dir="ltr">chappelle.png</td><td class="s6 softmerge" dir="ltr"><div class="softmerge-inner" style="width:555px;left:-1px"><a target="_blank" rel="noreferrer" href="https://www.google.com/url?q=https://chris.chrisdclemens.com/2020/01/sticks-and-stones-comedy-special-review.html&amp;sa=D&amp;source=editors&amp;ust=1703197192487464&amp;usg=AOvVaw1c3T8TgW07Vy2idOX68x7o">https://chris.chrisdclemens.com/2020/01/sticks-and-stones-comedy-special-review.html</a></div></td></tr><tr style="height: 20px"><th id="243161740R3" style="height: 20px;" class="row-headers-background row-header-shim"><div class="row-header-wrapper" style="line-height: 20px">4</div></th><td class="s0" dir="ltr">The Best Season 23 Episode of South Park</td><td class="s0" dir="ltr">southpark.jpg</td><td class="s6 softmerge" dir="ltr"><div class="softmerge-inner" style="width:555px;left:-1px"><a target="_blank" rel="noreferrer" href="https://www.google.com/url?q=https://chris.chrisdclemens.com/2019/12/the-best-season-23-episode-of-south-park.html&amp;sa=D&amp;source=editors&amp;ust=1703197192487639&amp;usg=AOvVaw1cs7Z5VmfZWZ7VAdBWULYm">https://chris.chrisdclemens.com/2019/12/the-best-season-23-episode-of-south-park.html</a></div></td></tr><tr style="height: 20px"><th id="243161740R4" style="height: 20px;" class="row-headers-background row-header-shim"><div class="row-header-wrapper" style="line-height: 20px">5</div></th><td class="s0" dir="ltr">&quot;Mister America&quot; Movie Review</td><td class="s0" dir="ltr">tim.jpg</td><td class="s6 softmerge" dir="ltr"><div class="softmerge-inner" style="width:555px;left:-1px"><a target="_blank" rel="noreferrer" href="https://www.google.com/url?q=https://chris.chrisdclemens.com/2019/11/mister-america-has-strong-central.html&amp;sa=D&amp;source=editors&amp;ust=1703197192487812&amp;usg=AOvVaw3vzFrfZA0VPbQs_S-mRql_">https://chris.chrisdclemens.com/2019/11/mister-america-has-strong-central.html</a></div></td></tr></tbody></table></div></div><div id="1760801878" style="display:none;position:relative;" dir="ltr"><div class="ritz grid-container" dir="ltr"><table class="waffle" cellspacing="0" cellpadding="0"><thead><tr><th class="row-header freezebar-origin-ltr header-shim row-header-shim"></th><th id="1760801878C0" style="width:100px;" class="header-shim"></th></tr></thead><tbody><tr style="height: 20px"><th id="1760801878R0" style="height: 20px;" class="row-headers-background row-header-shim"><div class="row-header-wrapper" style="line-height: 20px">1</div></th><td class="s0" dir="ltr">Text</td></tr><tr style="height: 20px"><th id="1760801878R1" style="height: 20px;" class="row-headers-background row-header-shim"><div class="row-header-wrapper" style="line-height: 20px">2</div></th><td class="s2 softmerge" dir="ltr"><div class="softmerge-inner" style="width:598px;left:-1px">Chris Clemens is an artist from the Baltimore area. His email address is chrisclemens90@gmail.com.</div></td></tr></tbody></table></div></div></div><div id="footer"><span>Published by <a target="_blank" title="Learn more about Google Sheets" href="https://docs.google.com/spreadsheets/?usp=sheets_web">Google Sheets</a></span><span class="dash">&ndash;</span><a href="//drive.google.com/abuse?id=AKkXjoysIbYrNHqWMMkv0NffNk1a7rEmcA0OVfEUVclyLZI8aZ4r_UFbjHRPJkpCRuqR86TFQPNOxvbfy9MwdBw:0">Report Abuse</a><span class="dash">&ndash;</span><span>Updated automatically every 5 minutes</span></div><script type="text/javascript" nonce="nARN3ZcOriFSlELonkVytQ">activeSheetId = '0'; switchToSheet('0');</script></body></html>